EmployeeID,Name,Department,Age,Experience,Salary,City,JoiningDate
409,Smith,IT,55.0,24,115093.0,Chennai,2020-11-26
114,Smith,Marketing,23.0,18,108524.0,Hyderabad,2015-04-02
515,Sneha,Marketing,32.0,22,76474.0,Hyderabad,2022-12-08
133,Vikram,Operations,46.0,27,113861.0,Delhi,2015-08-13
561,Priya,Sales,44.0,3,98543.0,Hyderabad,2023-10-26
256,Sneha,Operations,44.0,16,62430.0,Chennai,2017-12-21
350,Arun,Marketing,48.0,23,101218.0,Bangalore,2019-10-10
318,Karthik,Marketing,32.0,1,115397.0,Bangalore,2019-02-28
322,Suresh,Marketing,56.0,17,43449.0,Bangalore,2019-03-28
394,Vikram,HR,56.0,5,119914.0,Delhi,2020-08-13
233,Karthik,Operations,46.0,0,105879.0,Hyderabad,2017-07-13
566,Sneha,IT,56.0,16,61062.0,Pune,2023-11-30
539,John,Finance,41.0,14,40896.0,Delhi,2023-05-25
280,Smith,Operations,50.0,0,92526.0,Bangalore,2018-06-07
547,Priya,Operations,,29,95342.0,Hyderabad,2023-07-20
491,Karthik,Marketing,54.0,7,91017.0,Pune,2022-06-23
583,Karthik,Operations,29.0,23,45662.0,Chennai,2024-03-28
573,John,Operations,31.0,4,91150.0,Hyderabad,2024-01-18
517,Meena,Operations,57.0,3,94626.0,Pune,2022-12-22
403,Sneha,IT,37.0,13,42771.0,Bangalore,2020-10-15
239,Priya,HR,27.0,25,52632.0,Mumbai,2017-08-24
329,Meena,HR,23.0,24,63000.0,Chennai,2019-05-16
422,Kavya,HR,25.0,0,42685.0,Chennai,2021-02-25
202,Suresh,Finance,22.0,16,65631.0,Mumbai,2016-12-08
306,Suresh,Sales,33.0,14,117374.0,Mumbai,2018-12-06
478,Rahul,Finance,26.0,3,29853.0,Mumbai,2022-03-24
219,Meena,Sales,57.0,14,101077.0,Hyderabad,2017-04-06
161,Kavya,Operations,44.0,24,70558.0,Hyderabad,2016-02-25
191,Karthik,Sales,,7,44029.0,Hyderabad,2016-09-22
462,Arun,Operations,47.0,4,46172.0,Mumbai,2021-12-02
500,Rahul,Sales,33.0,25,25060.0,Hyderabad,2022-08-25
455,Karthik,Marketing,35.0,25,114563.0,Pune,2021-10-14
152,Kavya,Marketing,47.0,21,97101.0,Bangalore,2015-12-24
454,Smith,HR,50.0,17,60737.0,Mumbai,2021-10-07
344,Arun,Marketing,33.0,23,51399.0,Hyderabad,2019-08-29
568,Divya,IT,50.0,14,76571.0,Delhi,2023-12-14
547,Priya,Operations,,29,95342.0,Hyderabad,2023-07-20
313,Vikram,IT,24.0,10,27717.0,Bangalore,2019-01-24
505,Priya,Sales,38.0,12,49354.0,Pune,2022-09-29
346,Smith,Finance,43.0,9,106244.0,Delhi,2019-09-12
337,Smith,Marketing,42.0,9,,Bangalore,2019-07-11
456,Smith,Marketing,49.0,5,54373.0,Hyderabad,2021-10-21
183,Rahul,Sales,54.0,23,35789.0,Pune,2016-07-28
464,Karthik,Marketing,42.0,9,112410.0,Delhi,2021-12-16
395,Priya,Operations,46.0,0,101918.0,Mumbai,2020-08-20
216,Suresh,Marketing,44.0,17,37999.0,Chennai,2017-03-16
362,Priya,Marketing,49.0,18,89929.0,Pune,2020-01-02
341,Sneha,Sales,24.0,28,100629.0,Mumbai,2019-08-08
524,Sneha,Marketing,56.0,22,82134.0,Bangalore,2023-02-09
514,Meena,Operations,25.0,5,48051.0,Chennai,2022-12-01
563,John,Sales,35.0,19,66786.0,Pune,2023-11-09
208,Arun,IT,36.0,27,45609.0,Hyderabad,2017-01-19
477,Suresh,Finance,22.0,24,93247.0,Hyderabad,2022-03-17
359,Vikram,Sales,25.0,10,49160.0,Pune,2019-12-12
498,Kavya,Finance,50.0,5,79912.0,Pune,2022-08-11
556,Sneha,IT,56.0,11,33820.0,Mumbai,2023-09-21
303,Karthik,Finance,47.0,24,100520.0,Bangalore,2018-11-15
368,Vikram,Operations,50.0,10,85535.0,Hyderabad,2020-02-13
289,Priya,Finance,53.0,1,44097.0,Bangalore,2018-08-09
263,Meena,Operations,53.0,4,82545.0,Chennai,2018-02-08
168,Smith,Operations,50.0,0,66157.0,Mumbai,2016-04-14
321,Sneha,Marketing,41.0,1,114106.0,Pune,2019-03-21
419,Divya,HR,54.0,16,85774.0,Chennai,2021-02-04
557,John,Operations,33.0,4,49070.0,Pune,2023-09-28
166,Arun,Operations,47.0,13,36302.0,Mumbai,2016-03-31
360,Arun,Sales,56.0,15,110595.0,Delhi,2019-12-19
537,Vikram,Sales,51.0,10,83053.0,Mumbai,2023-05-11
451,Sneha,Sales,47.0,14,118065.0,Pune,2021-09-16
461,Karthik,Marketing,37.0,22,44250.0,Hyderabad,2021-11-25
571,Kavya,Finance,33.0,13,62265.0,Hyderabad,2024-01-04
396,Divya,HR,45.0,4,39596.0,Pune,2020-08-27
131,Divya,Finance,39.0,2,83596.0,Hyderabad,2015-07-30
123,Karthik,IT,48.0,25,98698.0,Bangalore,2015-06-04
357,Kavya,Marketing,26.0,29,97258.0,Pune,2019-11-28
132,Arun,Finance,25.0,12,55523.0,Delhi,2015-08-06
523,Suresh,IT,45.0,23,119006.0,Delhi,2023-02-02
153,John,Sales,55.0,20,96520.0,Bangalore,2015-12-31
577,Arun,HR,30.0,12,77375.0,Pune,2024-02-15
343,Karthik,IT,54.0,9,106974.0,Hyderabad,2019-08-22
365,Karthik,Operations,27.0,22,112127.0,Delhi,2020-01-23
190,Smith,Finance,55.0,25,92779.0,Mumbai,2016-09-15
157,Smith,Sales,52.0,3,44096.0,Chennai,2016-01-28
415,Arun,Sales,43.0,29,52856.0,Delhi,2021-01-07
103,John,IT,29.0,3,59387.0,Delhi,2015-01-15
159,Smith,Finance,29.0,18,59016.0,Delhi,2016-02-11
314,Sneha,Operations,41.0,18,84676.0,Delhi,2019-01-31
323,Suresh,HR,46.0,29,58536.0,Chennai,2019-04-04
548,Meena,IT,30.0,24,37182.0,Mumbai,2023-07-27
301,John,Finance,28.0,29,87823.0,Chennai,2018-11-01
175,Smith,Operations,22.0,24,105910.0,Pune,2016-06-02
420,John,IT,29.0,25,48752.0,Chennai,2021-02-11
349,John,HR,48.0,19,55678.0,Pune,2019-10-03
510,Karthik,Marketing,31.0,20,100186.0,Pune,2022-11-03
221,Divya,Operations,53.0,1,27443.0,Chennai,2017-04-20
181,Priya,Operations,56.0,5,25922.0,Hyderabad,2016-07-14
336,Arun,Marketing,35.0,22,77487.0,Delhi,2019-07-04
127,Suresh,Marketing,24.0,28,30951.0,Hyderabad,2015-07-02
269,Kavya,HR,45.0,16,74688.0,Bangalore,2018-03-22
552,Vikram,Sales,52.0,7,119457.0,Mumbai,2023-08-24
339,John,Operations,29.0,16,73770.0,Hyderabad,2019-07-25
443,John,Sales,46.0,23,,Hyderabad,2021-07-22
460,Smith,Operations,33.0,24,,Mumbai,2021-11-18
210,Rahul,Sales,47.0,28,64666.0,Delhi,2017-02-02
151,Karthik,Finance,39.0,15,98340.0,Bangalore,2015-12-17
553,Sneha,Operations,40.0,25,107310.0,Hyderabad,2023-08-31
390,Arun,HR,54.0,9,48236.0,Chennai,2020-07-16
115,Karthik,HR,45.0,6,37219.0,Pune,2015-04-09
463,Karthik,IT,47.0,27,36555.0,Pune,2021-12-09
215,Karthik,Marketing,51.0,5,101325.0,Chennai,2017-03-09
469,Meena,Finance,31.0,21,114599.0,Bangalore,2022-01-20
104,Suresh,Operations,42.0,5,33512.0,Mumbai,2015-01-22
305,Smith,Finance,22.0,15,66949.0,Pune,2018-11-29
160,Sneha,HR,35.0,19,36246.0,Pune,2016-02-18
372,Smith,IT,42.0,3,111925.0,Delhi,2020-03-12
260,Meena,Marketing,40.0,2,36694.0,Chennai,2018-01-18
507,Sneha,HR,29.0,4,53145.0,Pune,2022-10-13
199,Divya,IT,56.0,3,96907.0,Mumbai,2016-11-17
247,Priya,Sales,53.0,1,38718.0,Delhi,2017-10-19
141,Kavya,Finance,29.0,5,39060.0,Chennai,2015-10-08
266,Meena,HR,25.0,9,65738.0,Delhi,2018-03-01
142,Priya,IT,,20,107985.0,Hyderabad,2015-10-15
441,Suresh,Sales,55.0,13,41725.0,Bangalore,2021-07-08
288,Rahul,Marketing,41.0,25,29757.0,Hyderabad,2018-08-02
427,Suresh,Operations,37.0,19,106994.0,Bangalore,2021-04-01
434,Kavya,Operations,,27,51657.0,Bangalore,2021-05-20
399,Vikram,IT,57.0,25,26279.0,Hyderabad,2020-09-17
180,Rahul,HR,29.0,7,34446.0,Chennai,2016-07-07
265,Kavya,Marketing,53.0,4,38224.0,Hyderabad,2018-02-22
129,Suresh,Finance,42.0,6,33007.0,Hyderabad,2015-07-16
246,Meena,Operations,53.0,0,72882.0,Mumbai,2017-10-12
465,John,IT,,6,,Pune,2021-12-23
338,Rahul,Sales,41.0,18,65806.0,Delhi,2019-07-18
378,Vikram,Marketing,46.0,2,41032.0,Bangalore,2020-04-23
158,Divya,IT,36.0,2,92728.0,Delhi,2016-02-04
554,Suresh,IT,37.0,18,69813.0,Chennai,2023-09-07
163,Karthik,HR,37.0,14,61455.0,Mumbai,2016-03-10
212,Kavya,Operations,53.0,13,96315.0,Mumbai,2017-02-16
185,Meena,Operations,49.0,20,69028.0,Mumbai,2016-08-11
585,Priya,HR,43.0,4,103187.0,Chennai,2024-04-11
473,Rahul,Marketing,52.0,24,36046.0,Bangalore,2022-02-17
248,Meena,IT,45.0,8,59560.0,Pune,2017-10-26
445,Karthik,Finance,37.0,6,107565.0,Bangalore,2021-08-05
230,Sneha,Finance,51.0,23,110451.0,Delhi,2017-06-22
532,Arun,Sales,33.0,23,76860.0,Bangalore,2023-04-06
197,Priya,Operations,56.0,4,48710.0,Delhi,2016-11-03
569,Priya,Finance,32.0,0,,Chennai,2023-12-21
369,Divya,Marketing,52.0,21,109458.0,Hyderabad,2020-02-20
242,Smith,Sales,30.0,26,111066.0,Mumbai,2017-09-14
551,Suresh,Operations,35.0,10,44541.0,Chennai,2023-08-17
425,Divya,Finance,51.0,2,101908.0,Mumbai,2021-03-18
401,Smith,Sales,22.0,1,87516.0,Hyderabad,2020-10-01
393,Sneha,Operations,47.0,20,40358.0,Hyderabad,2020-08-06
384,Smith,Finance,44.0,18,66874.0,Mumbai,2020-06-04
575,Arun,IT,28.0,10,114613.0,Pune,2024-02-01
333,Vikram,HR,54.0,14,50522.0,Hyderabad,2019-06-13
347,Suresh,Marketing,51.0,16,101534.0,Mumbai,2019-09-19
182,Rahul,Finance,56.0,11,76356.0,Bangalore,2016-07-21
496,Arun,Finance,54.0,8,60111.0,Mumbai,2022-07-28
411,Priya,Operations,53.0,24,62599.0,Chennai,2020-12-10
507,Sneha,HR,29.0,4,53145.0,Pune,2022-10-13
522,Smith,Finance,30.0,29,61408.0,Pune,2023-01-26
437,Karthik,HR,30.0,23,103411.0,Hyderabad,2021-06-10
274,Suresh,Sales,32.0,0,82761.0,Pune,2018-04-26
402,Vikram,IT,29.0,16,32083.0,Chennai,2020-10-08
154,Suresh,Sales,31.0,10,112062.0,Hyderabad,2016-01-07
509,Kavya,Operations,47.0,0,111123.0,Pune,2022-10-27
240,Sneha,IT,29.0,24,90310.0,Delhi,2017-08-31
364,Karthik,Sales,50.0,24,59911.0,Bangalore,2020-01-16
375,Rahul,Marketing,54.0,23,72057.0,Delhi,2020-04-02
167,Suresh,Operations,46.0,14,92506.0,Pune,2016-04-07
315,Priya,IT,45.0,6,,Hyderabad,2019-02-07
354,Smith,Marketing,54.0,20,56480.0,Delhi,2019-11-07
385,John,HR,,18,38859.0,Mumbai,2020-06-11
459,Divya,Finance,26.0,14,63709.0,Delhi,2021-11-11
200,Kavya,Sales,35.0,26,96895.0,Pune,2016-11-24
417,John,Operations,27.0,15,103344.0,Pune,2021-01-21
249,Divya,Operations,33.0,2,101589.0,Delhi,2017-11-02
116,Divya,Marketing,51.0,29,25235.0,Pune,2015-04-16
264,Sneha,Sales,27.0,20,64224.0,Pune,2018-02-15
564,Rahul,Finance,52.0,0,119934.0,Mumbai,2023-11-16
147,Divya,Sales,23.0,12,54287.0,Bangalore,2015-11-19
187,Suresh,Finance,30.0,25,57154.0,Chennai,2016-08-25
138,Suresh,Finance,41.0,24,25077.0,Mumbai,2015-09-17
511,Meena,Marketing,47.0,21,110469.0,Chennai,2022-11-10
481,Divya,Finance,45.0,8,46792.0,Chennai,2022-04-14
294,Rahul,Marketing,32.0,17,71163.0,Chennai,2018-09-13
273,John,Operations,43.0,13,33666.0,Delhi,2018-04-19
174,Arun,HR,45.0,22,81819.0,Mumbai,2016-05-26
371,Smith,Marketing,54.0,7,79771.0,Chennai,2020-03-05
205,Meena,HR,35.0,20,39382.0,Delhi,2016-12-29
307,Vikram,HR,26.0,22,27482.0,Hyderabad,2018-12-13
397,Priya,HR,34.0,8,58572.0,Pune,2020-09-03
117,John,IT,23.0,2,,Chennai,2015-04-23
407,Sneha,HR,36.0,8,44063.0,Bangalore,2020-11-12
562,Sneha,Sales,37.0,18,108441.0,Delhi,2023-11-02
189,Meena,Operations,33.0,3,27336.0,Bangalore,2016-09-08
476,Meena,Sales,53.0,19,48150.0,Mumbai,2022-03-10
241,Vikram,Marketing,48.0,21,80176.0,Mumbai,2017-09-07
295,Vikram,Operations,49.0,11,44816.0,Hyderabad,2018-09-20
203,Sneha,Marketing,26.0,8,45103.0,Hyderabad,2016-12-15
485,Kavya,Sales,53.0,3,56987.0,Chennai,2022-05-12
275,Suresh,Sales,37.0,18,61368.0,Delhi,2018-05-03
271,Priya,IT,,13,33577.0,Mumbai,2018-04-05
340,Karthik,Operations,28.0,4,103623.0,Delhi,2019-08-01
258,Sneha,HR,54.0,4,88374.0,Mumbai,2018-01-04
171,Arun,IT,46.0,21,108122.0,Chennai,2016-05-05
234,Divya,Finance,54.0,17,89644.0,Delhi,2017-07-20
560,Suresh,Operations,57.0,21,105559.0,Mumbai,2023-10-19
265,Kavya,Marketing,53.0,4,38224.0,Hyderabad,2018-02-22
468,Divya,Operations,44.0,6,78002.0,Mumbai,2022-01-13
317,Sneha,Marketing,45.0,27,67460.0,Delhi,2019-02-21
328,Meena,Operations,39.0,19,31645.0,Mumbai,2019-05-09
429,Meena,Marketing,51.0,14,86268.0,Hyderabad,2021-04-15
488,Smith,Marketing,45.0,1,49058.0,Pune,2022-06-02
442,Rahul,HR,53.0,26,86396.0,Delhi,2021-07-15
458,Arun,Marketing,51.0,18,111145.0,Chennai,2021-11-04
119,Smith,Marketing,54.0,12,33567.0,Bangalore,2015-05-07
278,Priya,Marketing,27.0,3,95507.0,Mumbai,2018-05-24
483,Meena,IT,23.0,17,99478.0,Delhi,2022-04-28
121,Arun,Finance,43.0,27,90441.0,Mumbai,2015-05-21
156,Sneha,Marketing,35.0,4,34184.0,Bangalore,2016-01-21
381,Meena,Marketing,45.0,17,78394.0,Bangalore,2020-05-14
526,Kavya,IT,57.0,22,26341.0,Bangalore,2023-02-23
527,Kavya,Finance,39.0,2,69623.0,Hyderabad,2023-03-02
135,Kavya,Marketing,30.0,24,40524.0,Mumbai,2015-08-27
282,Kavya,Marketing,41.0,7,70765.0,Delhi,2018-06-21
285,Karthik,IT,47.0,7,71240.0,Chennai,2018-07-12
251,Smith,Marketing,24.0,20,61244.0,Pune,2017-11-16
308,Smith,IT,53.0,14,49442.0,Pune,2018-12-20
439,Sneha,Finance,22.0,12,73756.0,Hyderabad,2021-06-24
345,John,IT,43.0,16,110382.0,Delhi,2019-09-05
466,Karthik,Operations,54.0,24,78276.0,Mumbai,2021-12-30
535,Kavya,Marketing,,19,79756.0,Mumbai,2023-04-27
198,Vikram,Operations,22.0,8,54486.0,Pune,2016-11-10
584,Suresh,Marketing,22.0,9,48510.0,Bangalore,2024-04-04
542,Divya,Finance,34.0,16,102454.0,Bangalore,2023-06-15
255,Vikram,IT,49.0,27,78173.0,Delhi,2017-12-14
223,Vikram,Operations,43.0,23,100916.0,Mumbai,2017-05-04
214,Arun,Marketing,25.0,28,39153.0,Mumbai,2017-03-02
519,Priya,Marketing,42.0,10,60772.0,Chennai,2023-01-05
428,Sneha,Marketing,34.0,14,81133.0,Bangalore,2021-04-08
272,Vikram,Marketing,27.0,8,33070.0,Hyderabad,2018-04-12
209,John,Marketing,36.0,15,41478.0,Chennai,2017-01-26
179,Meena,Operations,38.0,15,50053.0,Delhi,2016-06-30
195,Suresh,Operations,43.0,27,71197.0,Delhi,2016-10-20
162,Meena,Marketing,42.0,17,43381.0,Delhi,2016-03-03
544,John,Finance,,23,52935.0,Pune,2023-06-29
226,Priya,Sales,27.0,26,40328.0,Bangalore,2017-05-25
438,Suresh,Operations,33.0,1,26622.0,Delhi,2021-06-17
406,Meena,Operations,,26,73285.0,Mumbai,2020-11-05
582,Divya,IT,40.0,17,27983.0,Delhi,2024-03-21
192,Meena,IT,44.0,25,84201.0,Pune,2016-09-29
576,Meena,Finance,,3,99910.0,Chennai,2024-02-08
518,Smith,Marketing,46.0,29,31960.0,Bangalore,2022-12-29
374,Divya,Finance,44.0,3,42327.0,Hyderabad,2020-03-26
452,Smith,Operations,37.0,27,84052.0,Chennai,2021-09-23
404,Smith,IT,35.0,25,54975.0,Pune,2020-10-22
506,Vikram,IT,47.0,5,70186.0,Bangalore,2022-10-06
125,Sneha,Operations,37.0,27,61159.0,Hyderabad,2015-06-18
534,Meena,Finance,44.0,1,26750.0,Delhi,2023-04-20
588,Priya,Finance,46.0,11,119071.0,Delhi,2024-05-02
273,John,Operations,43.0,13,33666.0,Delhi,2018-04-19
227,Arun,Operations,,12,81942.0,Delhi,2017-06-01
504,Kavya,HR,44.0,26,38350.0,Pune,2022-09-22
379,Suresh,Finance,52.0,26,27198.0,Delhi,2020-04-30
279,Sneha,Sales,37.0,29,104026.0,Hyderabad,2018-05-31
531,Rahul,Marketing,53.0,3,37254.0,Mumbai,2023-03-30
470,Karthik,Sales,26.0,25,97355.0,Delhi,2022-01-27
324,Arun,IT,56.0,14,89077.0,Mumbai,2019-04-11
448,Sneha,Operations,50.0,22,71828.0,Mumbai,2021-08-26
194,Sneha,Marketing,56.0,17,68872.0,Mumbai,2016-10-13
170,Meena,Operations,22.0,21,117738.0,Delhi,2016-04-28
137,Priya,Sales,23.0,16,48930.0,Delhi,2015-09-10
261,Suresh,IT,23.0,20,81264.0,Delhi,2018-01-25
112,Suresh,Operations,24.0,9,118789.0,Delhi,2015-03-19
245,Priya,Marketing,36.0,12,28797.0,Bangalore,2017-10-05
453,Priya,Finance,43.0,12,36664.0,Delhi,2021-09-30
228,Suresh,Operations,49.0,4,116751.0,Hyderabad,2017-06-08
382,Meena,Finance,53.0,28,45079.0,Chennai,2020-05-21
110,Smith,Finance,57.0,6,51614.0,Chennai,2015-03-05
471,Karthik,Sales,57.0,29,116248.0,Delhi,2022-02-03
277,Sneha,Finance,30.0,12,66914.0,Bangalore,2018-05-17
332,Sneha,Marketing,57.0,23,63565.0,Mumbai,2019-06-06
311,Priya,Marketing,,13,118501.0,Delhi,2019-01-10
229,Sneha,Sales,41.0,22,52306.0,Pune,2017-06-15
244,Smith,Marketing,45.0,16,93904.0,Chennai,2017-09-28
342,Arun,Sales,38.0,3,77603.0,Mumbai,2019-08-15
108,Priya,Operations,32.0,11,118070.0,Delhi,2015-02-19
355,Sneha,Operations,49.0,1,110230.0,Chennai,2019-11-14
587,Priya,Sales,28.0,9,81846.0,Mumbai,2024-04-25
431,Vikram,IT,38.0,21,63243.0,Hyderabad,2021-04-29
109,Suresh,IT,45.0,21,104767.0,Chennai,2015-02-26
257,Kavya,Operations,53.0,4,64282.0,Mumbai,2017-12-28
128,Meena,Finance,28.0,8,112388.0,Hyderabad,2015-07-09
367,Arun,HR,45.0,15,100039.0,Bangalore,2020-02-06
165,Karthik,Sales,45.0,16,29018.0,Bangalore,2016-03-24
356,Arun,IT,54.0,12,93836.0,Mumbai,2019-11-21
414,Vikram,IT,46.0,23,60954.0,Chennai,2020-12-31
254,Karthik,IT,23.0,5,44256.0,Chennai,2017-12-07
149,Rahul,Finance,25.0,14,64711.0,Pune,2015-12-03
309,Sneha,IT,30.0,4,58719.0,Mumbai,2018-12-27
388,Rahul,Operations,47.0,17,33705.0,Delhi,2020-07-02
102,Smith,HR,36.0,3,30287.0,Delhi,2015-01-08
370,Arun,IT,56.0,15,37175.0,Mumbai,2020-02-27
366,Vikram,HR,56.0,22,56821.0,Chennai,2020-01-30
423,Vikram,Sales,27.0,7,,Mumbai,2021-03-04
513,John,IT,28.0,5,113929.0,Delhi,2022-11-24
196,Arun,Marketing,48.0,27,80180.0,Chennai,2016-10-27
559,Smith,Finance,42.0,25,36122.0,Pune,2023-10-12
586,Arun,HR,38.0,22,65998.0,Chennai,2024-04-18
447,Sneha,Marketing,43.0,14,29263.0,Pune,2021-08-19
217,Rahul,Operations,36.0,18,80318.0,Bangalore,2017-03-23
146,Smith,HR,25.0,12,100046.0,Pune,2015-11-12
262,Smith,IT,47.0,22,100060.0,Hyderabad,2018-02-01
482,Priya,Marketing,37.0,12,84129.0,Pune,2022-04-21
218,Arun,IT,50.0,4,25814.0,Pune,2017-03-30
389,Smith,Sales,38.0,27,67880.0,Pune,2020-07-09
178,Vikram,Finance,32.0,9,84379.0,Bangalore,2016-06-23
489,John,Finance,33.0,14,70420.0,Chennai,2022-06-09
164,Rahul,Sales,39.0,8,117263.0,Chennai,2016-03-17
490,Vikram,HR,56.0,7,63890.0,Hyderabad,2022-06-16
486,Vikram,Sales,48.0,14,40850.0,Hyderabad,2022-05-19
331,Vikram,Marketing,37.0,0,36485.0,Pune,2019-05-30
398,Kavya,IT,28.0,11,103757.0,Delhi,2020-09-10
287,Priya,Marketing,40.0,25,119270.0,Pune,2018-07-26
435,Arun,Operations,47.0,22,64952.0,Bangalore,2021-05-27
300,Arun,Operations,56.0,29,100452.0,Delhi,2018-10-25
550,Priya,HR,49.0,14,81276.0,Delhi,2023-08-10
222,Meena,IT,28.0,9,100993.0,Pune,2017-04-27
565,Karthik,HR,26.0,19,31737.0,Chennai,2023-11-23
530,Suresh,Finance,44.0,4,96431.0,Hyderabad,2023-03-23
408,John,Sales,49.0,25,92642.0,Pune,2020-11-19
558,Smith,Marketing,46.0,5,94768.0,Pune,2023-10-05
259,John,HR,22.0,5,93244.0,Mumbai,2018-01-11
186,Kavya,Marketing,28.0,7,89484.0,Bangalore,2016-08-18
326,Kavya,Marketing,50.0,18,73302.0,Mumbai,2019-04-25
363,Suresh,Sales,51.0,14,98506.0,Pune,2020-01-09
432,Priya,HR,40.0,13,82384.0,Pune,2021-05-06
266,Meena,HR,25.0,9,65738.0,Delhi,2018-03-01
177,Kavya,Sales,45.0,11,30408.0,Pune,2016-06-16
487,Rahul,Operations,41.0,21,37112.0,Pune,2022-05-26
472,Sneha,Marketing,55.0,11,49762.0,Chennai,2022-02-10
188,Meena,Marketing,29.0,27,107870.0,Chennai,2016-09-01
186,Kavya,Marketing,28.0,7,89484.0,Bangalore,2016-08-18
283,Meena,Sales,57.0,1,44956.0,Pune,2018-06-28
206,Rahul,Finance,48.0,19,109291.0,Delhi,2017-01-05
497,Sneha,Finance,31.0,4,62904.0,Bangalore,2022-08-04
150,Rahul,Operations,50.0,20,36954.0,Chennai,2015-12-10
479,Arun,IT,25.0,9,119613.0,Pune,2022-03-31
106,Arun,Marketing,44.0,18,88076.0,Chennai,2015-02-05
118,John,IT,42.0,12,92444.0,Bangalore,2015-04-30
335,Arun,Finance,54.0,29,80168.0,Pune,2019-06-27
546,Rahul,HR,40.0,18,54711.0,Delhi,2023-07-13
495,Sneha,IT,22.0,9,40048.0,Hyderabad,2022-07-21
207,John,Finance,30.0,12,28756.0,Chennai,2017-01-12
235,Karthik,IT,22.0,14,85279.0,Pune,2017-07-27
502,Arun,Finance,23.0,26,108559.0,Pune,2022-09-08
327,Divya,Sales,39.0,1,53865.0,Hyderabad,2019-05-02
315,Priya,IT,45.0,6,,Hyderabad,2019-02-07
291,Sneha,Operations,54.0,21,41241.0,Bangalore,2018-08-23
540,Smith,Operations,46.0,5,80761.0,Chennai,2023-06-01
421,Divya,Finance,26.0,3,80029.0,Mumbai,2021-02-18
383,Meena,Marketing,43.0,25,61220.0,Delhi,2020-05-28
130,Sneha,HR,30.0,0,66832.0,Bangalore,2015-07-23
270,Divya,Marketing,26.0,20,98509.0,Hyderabad,2018-03-29
281,Meena,Sales,24.0,16,95835.0,Mumbai,2018-06-14
201,Meena,Sales,24.0,21,,Delhi,2016-12-01
298,Rahul,Marketing,52.0,11,49917.0,Bangalore,2018-10-11
310,Priya,IT,56.0,20,83066.0,Delhi,2019-01-03
236,Divya,IT,48.0,16,78028.0,Delhi,2017-08-03
570,John,IT,39.0,25,44426.0,Hyderabad,2023-12-28
528,Karthik,Operations,53.0,18,115327.0,Mumbai,2023-03-09
299,Kavya,HR,51.0,4,46566.0,Chennai,2018-10-18
474,Kavya,Marketing,31.0,16,53769.0,Delhi,2022-02-24
267,Rahul,Sales,32.0,9,50150.0,Delhi,2018-03-08
521,Smith,HR,31.0,29,74481.0,Mumbai,2023-01-19
237,Rahul,IT,34.0,10,25126.0,Chennai,2017-08-10
386,Divya,Marketing,48.0,20,75460.0,Hyderabad,2020-06-18
436,John,IT,44.0,13,47180.0,Chennai,2021-06-03
232,Suresh,IT,49.0,21,62219.0,Bangalore,2017-07-06
140,Rahul,HR,28.0,0,41984.0,Hyderabad,2015-10-01
316,Kavya,HR,54.0,5,111444.0,Bangalore,2019-02-14
144,Rahul,Finance,38.0,25,68303.0,Chennai,2015-10-29
155,Vikram,HR,57.0,27,43574.0,Chennai,2016-01-14
574,Rahul,Sales,38.0,29,112312.0,Bangalore,2024-01-25
400,Arun,HR,41.0,13,88197.0,Chennai,2020-09-24
555,Divya,IT,26.0,12,62198.0,Delhi,2023-09-14
405,John,Marketing,33.0,12,70648.0,Pune,2020-10-29
136,John,Operations,47.0,27,44282.0,Hyderabad,2015-09-03
416,Divya,Sales,43.0,10,27573.0,Bangalore,2021-01-14
410,Arun,Marketing,23.0,14,111143.0,Delhi,2020-12-03
377,Divya,IT,39.0,2,29425.0,Pune,2020-04-16
225,Kavya,Finance,23.0,17,42368.0,Chennai,2017-05-18
243,John,HR,54.0,26,69327.0,Pune,2017-09-21
211,Divya,Sales,34.0,12,,Pune,2017-02-09
424,Kavya,HR,53.0,16,80961.0,Mumbai,2021-03-11
433,Arun,Sales,49.0,25,56653.0,Bangalore,2021-05-13
494,Smith,Marketing,24.0,18,26524.0,Bangalore,2022-07-14
536,Sneha,Operations,56.0,27,92957.0,Pune,2023-05-04
208,Arun,IT,36.0,27,45609.0,Hyderabad,2017-01-19
543,Kavya,Finance,40.0,29,115600.0,Pune,2023-06-22
113,Sneha,HR,43.0,25,67078.0,Chennai,2015-03-26
373,Meena,HR,53.0,7,91358.0,Chennai,2020-03-19
148,Smith,Marketing,27.0,28,118709.0,Mumbai,2015-11-26
304,Smith,Finance,23.0,16,26759.0,Delhi,2018-11-22
525,Priya,Operations,56.0,8,45491.0,Bangalore,2023-02-16
220,Vikram,Marketing,34.0,24,115474.0,Hyderabad,2017-04-13
122,Sneha,IT,46.0,29,109555.0,Chennai,2015-05-28
503,Rahul,Sales,56.0,23,80337.0,Pune,2022-09-15
184,Arun,Finance,26.0,27,91656.0,Bangalore,2016-08-04
231,Kavya,HR,32.0,0,64915.0,Mumbai,2017-06-29
580,Rahul,Finance,26.0,0,103945.0,Mumbai,2024-03-07
430,Suresh,Operations,40.0,23,117201.0,Delhi,2021-04-22
330,Rahul,Sales,56.0,5,51737.0,Mumbai,2019-05-23
520,Kavya,HR,57.0,29,46520.0,Mumbai,2023-01-12
387,Suresh,HR,23.0,4,56419.0,Pune,2020-06-25
224,Priya,HR,49.0,29,98319.0,Hyderabad,2017-05-11
134,Karthik,Sales,35.0,29,111740.0,Delhi,2015-08-20
572,Rahul,HR,30.0,5,42850.0,Mumbai,2024-01-11
105,Kavya,Finance,40.0,27,26342.0,Bangalore,2015-01-29
512,Sneha,Sales,55.0,20,45581.0,Mumbai,2022-11-17
120,Arun,Finance,33.0,17,95792.0,Hyderabad,2015-05-14
320,Arun,Sales,57.0,17,118607.0,Hyderabad,2019-03-14
480,Kavya,HR,37.0,2,114399.0,Mumbai,2022-04-07
135,Kavya,Marketing,30.0,24,40524.0,Mumbai,2015-08-27
520,Kavya,HR,57.0,29,46520.0,Mumbai,2023-01-12
457,Meena,HR,26.0,2,61397.0,Bangalore,2021-10-28
250,Karthik,Operations,23.0,0,47116.0,Mumbai,2017-11-09
325,Suresh,Marketing,46.0,26,63258.0,Delhi,2019-04-18
348,Meena,Marketing,29.0,27,80106.0,Bangalore,2019-09-26
541,Meena,Marketing,43.0,21,87552.0,Bangalore,2023-06-08
252,Divya,Marketing,38.0,15,26645.0,Delhi,2017-11-23
579,Smith,Sales,23.0,2,82132.0,Pune,2024-02-29
418,Priya,Operations,36.0,28,60367.0,Mumbai,2021-01-28
392,Arun,IT,50.0,21,110514.0,Pune,2020-07-30
334,Smith,Finance,25.0,27,90155.0,Hyderabad,2019-06-20
111,Meena,IT,45.0,26,61258.0,Delhi,2015-03-12
380,John,Finance,24.0,28,85500.0,Pune,2020-05-07
172,Kavya,Finance,28.0,2,49519.0,Pune,2016-05-12
353,Rahul,Operations,51.0,5,81373.0,Bangalore,2019-10-31
193,Priya,IT,45.0,27,57265.0,Hyderabad,2016-10-06
578,Meena,HR,48.0,10,60435.0,Delhi,2024-02-22
450,John,HR,33.0,10,99182.0,Mumbai,2021-09-09
516,Kavya,Operations,50.0,15,116748.0,Mumbai,2022-12-15
475,Arun,Operations,40.0,12,78302.0,Hyderabad,2022-03-03
501,Smith,Operations,52.0,1,99666.0,Mumbai,2022-09-01
293,Karthik,Sales,22.0,26,95480.0,Hyderabad,2018-09-06
358,Meena,IT,40.0,10,64986.0,Delhi,2019-12-05
581,Sneha,Operations,50.0,5,107050.0,Pune,2024-03-14
440,John,Operations,22.0,25,65809.0,Pune,2021-07-01
452,Smith,Operations,37.0,27,84052.0,Chennai,2021-09-23
296,John,IT,46.0,0,74840.0,Delhi,2018-09-27
444,John,HR,22.0,18,106182.0,Bangalore,2021-07-29
238,Arun,HR,24.0,20,77329.0,Delhi,2017-08-17
361,Sneha,HR,38.0,10,104111.0,Delhi,2019-12-26
139,Divya,HR,49.0,23,45611.0,Hyderabad,2015-09-24
302,Arun,IT,37.0,26,45806.0,Pune,2018-11-08
567,Priya,Finance,44.0,11,79237.0,Bangalore,2023-12-07
391,Arun,Finance,30.0,28,112955.0,Mumbai,2020-07-23
549,Kavya,Finance,28.0,1,112833.0,Chennai,2023-08-03
290,Sneha,IT,,21,35395.0,Pune,2018-08-16
352,John,Operations,42.0,1,99055.0,Delhi,2019-10-24
213,Smith,Finance,53.0,2,102834.0,Hyderabad,2017-02-23
538,Kavya,Finance,38.0,3,95855.0,Chennai,2023-05-18
284,Sneha,Marketing,40.0,27,112895.0,Delhi,2018-07-05
253,Divya,Marketing,23.0,22,72523.0,Hyderabad,2017-11-30
413,Vikram,Finance,43.0,14,53529.0,Pune,2020-12-24
426,Suresh,Sales,56.0,28,99532.0,Delhi,2021-03-25
292,John,Finance,39.0,2,52696.0,Mumbai,2018-08-30
145,Smith,HR,57.0,11,84207.0,Bangalore,2015-11-05
545,John,IT,33.0,5,62641.0,Pune,2023-07-06
376,Divya,Finance,24.0,24,31150.0,Chennai,2020-04-09
107,Arun,Operations,32.0,28,44216.0,Mumbai,2015-02-12
351,Smith,Finance,55.0,4,88230.0,Hyderabad,2019-10-17
412,Divya,Finance,44.0,21,76920.0,Pune,2020-12-17
176,Divya,Finance,29.0,10,96324.0,Hyderabad,2016-06-09
101,Meena,Marketing,50.0,12,64809.0,Delhi,2015-01-01
529,Arun,Sales,45.0,7,25338.0,Hyderabad,2023-03-16
492,Karthik,Finance,54.0,16,72304.0,Delhi,2022-06-30
484,Meena,Marketing,49.0,14,92298.0,Mumbai,2022-05-05
533,Meena,Sales,34.0,5,36344.0,Mumbai,2023-04-13
169,John,Operations,36.0,20,79917.0,Pune,2016-04-21
268,Smith,IT,38.0,18,88731.0,Chennai,2018-03-15
493,Smith,IT,33.0,11,57921.0,Mumbai,2022-07-07
319,Divya,Finance,29.0,5,97847.0,Hyderabad,2019-03-07
143,Arun,Sales,,5,109056.0,Pune,2015-10-22
467,Smith,Sales,51.0,16,82492.0,Delhi,2022-01-06
446,Vikram,Sales,26.0,2,54402.0,Delhi,2021-08-12
173,Smith,Marketing,30.0,15,112487.0,Bangalore,2016-05-19
124,John,HR,49.0,19,30415.0,Chennai,2015-06-11
499,Priya,Finance,34.0,19,59008.0,Bangalore,2022-08-18
286,Arun,Operations,24.0,6,62148.0,Chennai,2018-07-19
449,Priya,Finance,24.0,13,72924.0,Delhi,2021-09-02
204,Arun,Sales,47.0,0,89772.0,Hyderabad,2016-12-22
508,Suresh,IT,50.0,24,59020.0,Chennai,2022-10-20
312,Meena,Operations,37.0,1,27079.0,Delhi,2019-01-17
168,Smith,Operations,50.0,0,66157.0,Mumbai,2016-04-14
126,Arun,IT,36.0,7,68925.0,Delhi,2015-06-25
297,Smith,Finance,44.0,21,77853.0,Chennai,2018-10-04
276,Kavya,Sales,54.0,12,31783.0,Chennai,2018-05-10
